{"train_loss": 0.6313693523406982, "test_loss": 0.5763684511184692, "_timestamp": 1661829790.7959821, "_runtime": 808.8783221244812, "_step": 5332, "reconstruction": {"_type": "images/separated", "width": 640, "height": 480, "format": "png", "count": 1, "filenames": ["media/images/reconstruction_5312_87a37b027b012783b690.png"]}, "original image": {"_type": "images/separated", "width": 640, "height": 480, "format": "png", "count": 1, "filenames": ["media/images/original image_5312_04a4828d2153bcb03225.png"]}, "_wandb": {"runtime": 808}}