{"train_loss": 784.2928466796875, "test_loss": 641.3201904296875, "mse_loss": 641.3201904296875, "kld_loss": 0.04141698777675629, "_timestamp": 1662030503.1000087, "_runtime": 482.8168008327484, "_step": 988, "reconstruction": {"_type": "images/separated", "width": 640, "height": 480, "format": "png", "count": 1, "filenames": ["media/images/reconstruction_910_a69f797963274bae2e62.png"]}, "original image": {"_type": "images/separated", "width": 640, "height": 480, "format": "png", "count": 1, "filenames": ["media/images/original image_910_35374c213d75334f4fd3.png"]}, "_wandb": {"runtime": 483}}