{"train_loss": 0.002466060919687152, "test_loss": 0.0028558075428009033, "_timestamp": 1662362017.4873936, "_runtime": 422.76747465133667, "_step": 1900, "reconstruction": {"_type": "images/separated", "width": 640, "height": 480, "format": "png", "count": 1, "filenames": ["media/images/reconstruction_304_6543abb839c913a69cd7.png"]}, "original image": {"_type": "images/separated", "width": 640, "height": 480, "format": "png", "count": 1, "filenames": ["media/images/original image_304_cba743b06a270101cd22.png"]}, "linear_train_loss": 0.002466060919687152, "linear_test_loss": 2.572077751159668, "linear_train_accuarcy": 0.25, "linear_test_accuarcy": 0.5, "_wandb": {"runtime": 422}}