{"train_loss": 177.10134887695312, "test_loss": 151.12405395507812, "mse_loss": 130.23974609375, "kld_loss": 20.884315490722656, "_timestamp": 1662027818.5781138, "_runtime": 473.5882399082184, "_step": 920, "reconstruction": {"_type": "images/separated", "width": 640, "height": 480, "format": "png", "count": 1, "filenames": ["media/images/reconstruction_821_dc4582b9195693bf47e4.png"]}, "original image": {"_type": "images/separated", "width": 640, "height": 480, "format": "png", "count": 1, "filenames": ["media/images/original image_821_6fe72baadd6f384223fd.png"]}, "_wandb": {"runtime": 473}}