{"train_loss": 0.0018980813911184669, "test_loss": 0.0017373969312757254, "_timestamp": 1662283601.274175, "_runtime": 1033.1012189388275, "_step": 2043, "reconstruction": {"_type": "images/separated", "width": 640, "height": 480, "format": "png", "count": 1, "filenames": ["media/images/reconstruction_2021_3669d8e7e731e0fa70a5.png"]}, "original image": {"_type": "images/separated", "width": 640, "height": 480, "format": "png", "count": 1, "filenames": ["media/images/original image_2021_e6e865ed02f741be33aa.png"]}}