{"train_loss": 320.4845886230469, "test_loss": 245.41770935058594, "mse_loss": 243.3119354248047, "kld_loss": 2.1057803630828857, "_timestamp": 1661997790.478567, "_runtime": 369.4656879901886, "_step": 558, "reconstruction": {"_type": "images/separated", "width": 640, "height": 480, "format": "png", "count": 1, "filenames": ["media/images/reconstruction_506_dd10196b21679f8cc74c.png"]}, "original image": {"_type": "images/separated", "width": 640, "height": 480, "format": "png", "count": 1, "filenames": ["media/images/original image_506_2b1eb35d3430d1fe2eef.png"]}, "_wandb": {"runtime": 370}}