{"train_loss": 62416.6796875, "test_loss": 62416.578125, "bce_loss": 62416.578125, "kld_loss": -1.677870750427246e-05, "_timestamp": 1661951943.7031627, "_runtime": 160.49300360679626, "_step": 109, "reconstruction": {"_type": "images/separated", "width": 640, "height": 480, "format": "png", "count": 1, "filenames": ["media/images/reconstruction_102_b6e13295d8644af720f3.png"]}, "original image": {"_type": "images/separated", "width": 640, "height": 480, "format": "png", "count": 1, "filenames": ["media/images/original image_102_17ba26346939bfbf5e64.png"]}}