{"train_loss": 766.013671875, "test_loss": 545.672119140625, "mse_loss": 545.672119140625, "kld_loss": 1608.339111328125, "_timestamp": 1662027324.7715266, "_runtime": 828.5838956832886, "_step": 1754, "reconstruction": {"_type": "images/separated", "width": 640, "height": 480, "format": "png", "count": 1, "filenames": ["media/images/reconstruction_1748_943bf868ab163d548861.png"]}, "original image": {"_type": "images/separated", "width": 640, "height": 480, "format": "png", "count": 1, "filenames": ["media/images/original image_1748_1aa25dd28c64cf05eeef.png"]}, "_wandb": {"runtime": 828}}