{"train_loss": 1029.38037109375, "test_loss": 810.5181274414062, "mse_loss": 810.5181274414062, "kld_loss": 12195.537109375, "_timestamp": 1662025222.4555957, "_runtime": 146.2607147693634, "_step": 241, "reconstruction": {"_type": "images/separated", "width": 640, "height": 480, "format": "png", "count": 1, "filenames": ["media/images/reconstruction_203_3ed45020c230deed1028.png"]}, "original image": {"_type": "images/separated", "width": 640, "height": 480, "format": "png", "count": 1, "filenames": ["media/images/original image_203_46c9f79eab3ccb83d5e4.png"]}, "_wandb": {"runtime": 146}}