{"train_loss": 1126.8592529296875, "test_loss": 864.9287719726562, "mse_loss": 864.9287719726562, "kld_loss": 16.11980438232422, "_timestamp": 1662026236.1080215, "_runtime": 708.3521025180817, "_step": 1445, "reconstruction": {"_type": "images/separated", "width": 640, "height": 480, "format": "png", "count": 1, "filenames": ["media/images/reconstruction_1415_70ba986a57b17f7b4a01.png"]}, "original image": {"_type": "images/separated", "width": 640, "height": 480, "format": "png", "count": 1, "filenames": ["media/images/original image_1415_71954d0d4003840e5fa6.png"]}, "_wandb": {"runtime": 708}}