{"train_loss": 0.0056093125604093075, "test_loss": 0.008758052252233028, "mse_loss": 0.008780225180089474, "kld_loss": -2.2172927856445312e-05, "_timestamp": 1661993755.1253793, "_runtime": 990.0403583049774, "_step": 3205, "reconstruction": {"_type": "images/separated", "width": 640, "height": 480, "format": "png", "count": 1, "filenames": ["media/images/reconstruction_3132_251a1507db111926b9a0.png"]}, "original image": {"_type": "images/separated", "width": 640, "height": 480, "format": "png", "count": 1, "filenames": ["media/images/original image_3132_628d8e6ffff438ca1f0c.png"]}, "_wandb": {"runtime": 990}}