{"train_loss": -0.13955669105052948, "test_loss": -0.1385757178068161, "mse_loss": 0.0056739794090390205, "kld_loss": -0.14424969255924225, "_timestamp": 1661996939.967579, "_runtime": 1786.9077758789062, "_step": 3481, "reconstruction": {"_type": "images/separated", "width": 640, "height": 480, "format": "png", "count": 1, "filenames": ["media/images/reconstruction_3435_e8eb618e441a0fa82b58.png"]}, "original image": {"_type": "images/separated", "width": 640, "height": 480, "format": "png", "count": 1, "filenames": ["media/images/original image_3435_61e224c72fd8287adf39.png"]}, "_wandb": {"runtime": 1787}}