{"train_loss": 115.71923828125, "test_loss": 122.92900848388672, "mse_loss": 116.448974609375, "kld_loss": 6.480031490325928, "_timestamp": 1662004480.422606, "_runtime": 1806.8431150913239, "_step": 3489, "reconstruction": {"_type": "images/separated", "width": 640, "height": 480, "format": "png", "count": 1, "filenames": ["media/images/reconstruction_3435_03eb02e1049bc4278586.png"]}, "original image": {"_type": "images/separated", "width": 640, "height": 480, "format": "png", "count": 1, "filenames": ["media/images/original image_3435_2b1eb35d3430d1fe2eef.png"]}, "_wandb": {"runtime": 1807}}