{"train_loss": 0.0025875607971102, "test_loss": 0.002253083512187004, "_timestamp": 1662369248.9334311, "_runtime": 118.83666205406189, "_step": 308, "reconstruction": {"_type": "images/separated", "width": 640, "height": 480, "format": "png", "count": 1, "filenames": ["media/images/reconstruction_304_8c823f8d110db013486b.png"]}, "original image": {"_type": "images/separated", "width": 640, "height": 480, "format": "png", "count": 1, "filenames": ["media/images/original image_304_23f3546066da39386617.png"]}, "_wandb": {"runtime": 119}}