{"train_loss": 0.0013903434155508876, "test_loss": 0.0017366473330184817, "_timestamp": 1662279146.5154018, "_runtime": 3552.4096677303314, "_step": 7076, "reconstruction": {"_type": "images/separated", "width": 640, "height": 480, "format": "png", "count": 1, "filenames": ["media/images/reconstruction_7042_003721bd33bc9dc60a3c.png"]}, "original image": {"_type": "images/separated", "width": 640, "height": 480, "format": "png", "count": 1, "filenames": ["media/images/original image_7042_f47ce405b6363a73e6ca.png"]}, "_wandb": {"runtime": 3552}}