{"train_loss": 0.004763978533446789, "test_loss": 0.0027615458238869905, "_timestamp": 1662284002.3509595, "_runtime": 112.64150261878967, "_step": 154, "reconstruction": {"_type": "images/separated", "width": 640, "height": 480, "format": "png", "count": 1, "filenames": ["media/images/reconstruction_102_d805a9b09e700b20da81.png"]}, "original image": {"_type": "images/separated", "width": 640, "height": 480, "format": "png", "count": 1, "filenames": ["media/images/original image_102_5781bb4ad2e17268a349.png"]}, "_wandb": {"runtime": 112}}