{"train_loss": 70164.03125, "test_loss": 69981.9140625, "bce_loss": 69981.9140625, "kld_loss": -1.1265277862548828e-05, "_timestamp": 1661951589.4759424, "_runtime": 201.185227394104, "_step": 209, "reconstruction": {"_type": "images/separated", "width": 640, "height": 480, "format": "png", "count": 1, "filenames": ["media/images/reconstruction_203_b6e13295d8644af720f3.png"]}, "original image": {"_type": "images/separated", "width": 640, "height": 480, "format": "png", "count": 1, "filenames": ["media/images/original image_203_083d2806dc536d44aa40.png"]}}