{"train_loss": 91.83982849121094, "test_loss": 170.69090270996094, "mse_loss": 170.69090270996094, "kld_loss": 258071552.0, "_timestamp": 1662029999.9610863, "_runtime": 205.73633933067322, "_step": 313, "reconstruction": {"_type": "images/separated", "width": 640, "height": 480, "format": "png", "count": 1, "filenames": ["media/images/reconstruction_310_871ee47ab86c3b14ec48.png"]}, "original image": {"_type": "images/separated", "width": 640, "height": 480, "format": "png", "count": 1, "filenames": ["media/images/original image_310_9cf459453f45612bc007.png"]}, "_wandb": {"runtime": 205}}