{"train_loss": 1.325901746749878, "train_accuracy": 0.5859375, "validation_loss": 1.7446097135543823, "validation_accuracy": 0.5625, "_timestamp": 1662015051.577981, "_runtime": 1364.0280890464783, "_step": 4567, "_wandb": {"runtime": 1363}}