{"train_loss": 858.5557861328125, "test_loss": 645.5012817382812, "mse_loss": 645.5012817382812, "kld_loss": 14218.7578125, "_timestamp": 1662024909.1716511, "_runtime": 290.14977502822876, "_step": 972, "reconstruction": {"_type": "images/separated", "width": 640, "height": 480, "format": "png", "count": 1, "filenames": ["media/images/reconstruction_910_24c860653790487f47ee.png"]}, "original image": {"_type": "images/separated", "width": 640, "height": 480, "format": "png", "count": 1, "filenames": ["media/images/original image_910_5658c7bfc0bf24280c18.png"]}, "_wandb": {"runtime": 289}}