{"train_loss": 0.0012909239158034325, "test_loss": 0.0014465078711509705, "_timestamp": 1662303600.1563423, "_runtime": 18210.854006290436, "_step": 101135, "reconstruction": {"_type": "images/separated", "width": 640, "height": 480, "format": "png", "count": 1, "filenames": ["media/images/reconstruction_11760_ef7402d29a39124a95d0.png"]}, "original image": {"_type": "images/separated", "width": 640, "height": 480, "format": "png", "count": 1, "filenames": ["media/images/original image_11760_060d6017471283ce2f62.png"]}, "linear_train_loss": 2.170520782470703, "linear_test_loss": 2.203565835952759, "linear_train_accuarcy": 0.40625, "linear_test_accuarcy": 0.625, "_wandb": {"runtime": 18210}}