{"train_loss": 69881.9765625, "test_loss": 139433.859375, "_timestamp": 1661827891.9935338, "_runtime": 41.09600877761841, "_step": 0, "_wandb": {"runtime": 41}}