{"train_loss": 252.2191925048828, "test_loss": 230.3654022216797, "mse_loss": 191.04953002929688, "kld_loss": 39.31586837768555, "_timestamp": 1662001241.4816768, "_runtime": 179.15559482574463, "_step": 175, "reconstruction": {"_type": "images/separated", "width": 640, "height": 480, "format": "png", "count": 1, "filenames": ["media/images/reconstruction_102_db1222709c65df4ce455.png"]}, "original image": {"_type": "images/separated", "width": 640, "height": 480, "format": "png", "count": 1, "filenames": ["media/images/original image_102_2b1eb35d3430d1fe2eef.png"]}}