{"train_loss": 413.6407775878906, "test_loss": 383.2239990234375, "mse_loss": 327.94384765625, "kld_loss": 55.28016662597656, "_timestamp": 1662029681.4821012, "_runtime": 408.69892930984497, "_step": 837, "reconstruction": {"_type": "images/separated", "width": 640, "height": 480, "format": "png", "count": 1, "filenames": ["media/images/reconstruction_821_dede8e1df38d0c79bcda.png"]}, "original image": {"_type": "images/separated", "width": 640, "height": 480, "format": "png", "count": 1, "filenames": ["media/images/original image_821_85b10e0708204a6ce6f1.png"]}, "_wandb": {"runtime": 408}}