{"train_loss": 0.001867681392468512, "test_loss": 0.0018194880103692412, "_timestamp": 1662368349.344159, "_runtime": 2530.125310897827, "_step": 11366, "reconstruction": {"_type": "images/separated", "width": 640, "height": 480, "format": "png", "count": 1, "filenames": ["media/images/reconstruction_4647_53ee8014b5dc9c27a85e.png"]}, "original image": {"_type": "images/separated", "width": 640, "height": 480, "format": "png", "count": 1, "filenames": ["media/images/original image_4647_789c486da58dcbe21fd0.png"]}, "linear_train_loss": 0.001867681392468512, "linear_test_loss": 1.6619675159454346, "linear_train_accuarcy": 0.4375, "linear_test_accuarcy": 0.5, "_wandb": {"runtime": 2530}}