{"train_loss": 149.94093322753906, "test_loss": 126.19087219238281, "mse_loss": 111.14452362060547, "kld_loss": 15.04635238647461, "_timestamp": 1662001735.8369355, "_runtime": 482.07850456237793, "_step": 804, "reconstruction": {"_type": "images/separated", "width": 640, "height": 480, "format": "png", "count": 1, "filenames": ["media/images/reconstruction_708_f76e32a23cbcf86cb55b.png"]}, "original image": {"_type": "images/separated", "width": 640, "height": 480, "format": "png", "count": 1, "filenames": ["media/images/original image_708_2b1eb35d3430d1fe2eef.png"]}, "_wandb": {"runtime": 482}}