{"train_loss": 297.2453918457031, "test_loss": 237.91213989257812, "mse_loss": 236.06239318847656, "kld_loss": 1.849743127822876, "_timestamp": 1662000833.6328018, "_runtime": 882.7219998836517, "_step": 991, "reconstruction": {"_type": "images/separated", "width": 640, "height": 480, "format": "png", "count": 1, "filenames": ["media/images/reconstruction_910_67f52b613d054ecda736.png"]}, "original image": {"_type": "images/separated", "width": 640, "height": 480, "format": "png", "count": 1, "filenames": ["media/images/original image_910_2b1eb35d3430d1fe2eef.png"]}, "_wandb": {"runtime": 883}}