{"train_loss": 0.030530210584402084, "test_loss": 0.0286702960729599, "bce_loss": 0.02868400514125824, "kld_loss": -1.3709068298339844e-05, "_timestamp": 1661950117.5107212, "_runtime": 595.9407722949982, "_step": 976, "reconstruction": {"_type": "images/separated", "width": 640, "height": 480, "format": "png", "count": 1, "filenames": ["media/images/reconstruction_910_5da925fd0bd120d83ddb.png"]}, "original image": {"_type": "images/separated", "width": 640, "height": 480, "format": "png", "count": 1, "filenames": ["media/images/original image_910_cff57067921b3bc8c55e.png"]}}