{"train_loss": 0.002283635316416621, "test_loss": 0.001610971405170858, "_timestamp": 1662280502.16908, "_runtime": 1205.221899986267, "_step": 2358, "reconstruction": {"_type": "images/separated", "width": 640, "height": 480, "format": "png", "count": 1, "filenames": ["media/images/reconstruction_2324_04f3e6c267656980d60b.png"]}, "original image": {"_type": "images/separated", "width": 640, "height": 480, "format": "png", "count": 1, "filenames": ["media/images/original image_2324_dc857f0a907e57550f2a.png"]}, "_wandb": {"runtime": 1204}}