{"train_loss": null, "test_loss": null, "_timestamp": 1661826144.9005914, "_runtime": 414.79869532585144, "_step": 3006, "_wandb": {"runtime": 414}}