{"train_loss": 0.004982680082321167, "test_loss": 0.005361961200833321, "_timestamp": 1662285244.1647966, "_runtime": 241.49827551841736, "_step": 919, "reconstruction": {"_type": "images/separated", "width": 640, "height": 480, "format": "png", "count": 1, "filenames": ["media/images/reconstruction_102_cce9639a3cdb69a2a51a.png"]}, "original image": {"_type": "images/separated", "width": 640, "height": 480, "format": "png", "count": 1, "filenames": ["media/images/original image_102_92259f2ea0180f30ecc1.png"]}, "linear_train_loss": 2.302137851715088, "linear_test_loss": 3.0119247436523438, "linear_train_accuarcy": 0.1818181872367859, "linear_test_accuarcy": 0.3333333432674408, "_wandb": {"runtime": 241}}