{"train_loss": 190.36814880371094, "test_loss": 174.78518676757812, "bce_loss": 166.17051696777344, "kld_loss": 8.614677429199219, "_timestamp": 1661953589.2442286, "_runtime": 715.7003157138824, "_step": 5134, "reconstruction": {"_type": "images/separated", "width": 640, "height": 480, "format": "png", "count": 1, "filenames": ["media/images/reconstruction_5125_fbc779057fa096c2061d.png"]}, "original image": {"_type": "images/separated", "width": 640, "height": 480, "format": "png", "count": 1, "filenames": ["media/images/original image_5125_a7b12ee1d7dd76dfcb6a.png"]}, "_wandb": {"runtime": 715}}