{"train_loss": 277.75201416015625, "test_loss": 257.74639892578125, "mse_loss": 256.87579345703125, "kld_loss": 0.870596170425415, "_timestamp": 1661999156.6119301, "_runtime": 504.5913691520691, "_step": 839, "reconstruction": {"_type": "images/separated", "width": 640, "height": 480, "format": "png", "count": 1, "filenames": ["media/images/reconstruction_809_2dbc83c251096ca35840.png"]}, "original image": {"_type": "images/separated", "width": 640, "height": 480, "format": "png", "count": 1, "filenames": ["media/images/original image_809_2b1eb35d3430d1fe2eef.png"]}, "_wandb": {"runtime": 504}}