{"train_loss": 0.002834530547261238, "test_loss": 0.0027621907647699118, "_timestamp": 1662354414.1163983, "_runtime": 119.41337633132935, "_step": 308, "reconstruction": {"_type": "images/separated", "width": 640, "height": 480, "format": "png", "count": 1, "filenames": ["media/images/reconstruction_304_b282fd7d9f985245347f.png"]}, "original image": {"_type": "images/separated", "width": 640, "height": 480, "format": "png", "count": 1, "filenames": ["media/images/original image_304_20931e6958ea5b4fd0f1.png"]}, "_wandb": {"runtime": 119}}