{"train_loss": 0.0043961345218122005, "test_loss": 0.0035036331973969936, "_timestamp": 1662284265.9035766, "_runtime": 112.28395056724548, "_step": 154, "reconstruction": {"_type": "images/separated", "width": 640, "height": 480, "format": "png", "count": 1, "filenames": ["media/images/reconstruction_102_f885fd215f7602760744.png"]}, "original image": {"_type": "images/separated", "width": 640, "height": 480, "format": "png", "count": 1, "filenames": ["media/images/original image_102_78f81b948f33f40555d4.png"]}, "_wandb": {"runtime": 118}}