{"train_loss": 66734.953125, "test_loss": 64390.26953125, "_timestamp": 1661825645.3942487, "_runtime": 44.654746770858765, "_step": 13, "_wandb": {"runtime": 44}}