{"train_loss": 401.14007568359375, "test_loss": 464.6174011230469, "mse_loss": 329.88348388671875, "kld_loss": 134.73391723632812, "_timestamp": 1662029041.0257812, "_runtime": 1180.0955781936646, "_step": 2760, "reconstruction": {"_type": "images/separated", "width": 640, "height": 480, "format": "png", "count": 1, "filenames": ["media/images/reconstruction_2728_4e9fe8bf210670a26d60.png"]}, "original image": {"_type": "images/separated", "width": 640, "height": 480, "format": "png", "count": 1, "filenames": ["media/images/original image_2728_70db87bed60567944a70.png"]}, "_wandb": {"runtime": 1180}}