{"train_loss": 0.5828045010566711, "test_loss": 0.5576476454734802, "bce_loss": 0.5103214383125305, "kld_loss": 0.0473262220621109, "_timestamp": 1661830602.5820253, "_runtime": 746.498592376709, "_step": 5019, "reconstruction": {"_type": "images/separated", "width": 640, "height": 480, "format": "png", "count": 1, "filenames": ["media/images/reconstruction_4919_a07563bae6f5e9f5fa27.png"]}, "original image": {"_type": "images/separated", "width": 640, "height": 480, "format": "png", "count": 1, "filenames": ["media/images/original image_4919_2487e0fdbb253bc92a9b.png"]}, "_wandb": {"runtime": 748}}