{"train_loss": 171.42056274414062, "test_loss": 16218086.0, "mse_loss": 106.34506225585938, "kld_loss": 16217980.0, "_timestamp": 1662002641.0934389, "_runtime": 836.3197429180145, "_step": 1524, "reconstruction": {"_type": "images/separated", "width": 640, "height": 480, "format": "png", "count": 1, "filenames": ["media/images/reconstruction_1516_2a22d034726089b01713.png"]}, "original image": {"_type": "images/separated", "width": 640, "height": 480, "format": "png", "count": 1, "filenames": ["media/images/original image_1516_2b1eb35d3430d1fe2eef.png"]}, "_wandb": {"runtime": 836}}