{"train_loss": 762.5197143554688, "test_loss": 604.716064453125, "mse_loss": 604.716064453125, "kld_loss": 7591.12744140625, "_timestamp": 1662024604.2815006, "_runtime": 469.3254425525665, "_step": 1762, "reconstruction": {"_type": "images/separated", "width": 640, "height": 480, "format": "png", "count": 1, "filenames": ["media/images/reconstruction_1718_e7c096da13e9c445fb04.png"]}, "original image": {"_type": "images/separated", "width": 640, "height": 480, "format": "png", "count": 1, "filenames": ["media/images/original image_1718_464e6e19a2f7a0b6ad06.png"]}, "_wandb": {"runtime": 469}}