{"train_loss": 0.0013463301584124565, "test_loss": 0.003249494591727853, "_timestamp": 1662365698.8807402, "_runtime": 1335.9272000789642, "_step": 4716, "reconstruction": {"_type": "images/separated", "width": 640, "height": 480, "format": "png", "count": 1, "filenames": ["media/images/reconstruction_4647_7444370489f30369c8a6.png"]}, "original image": {"_type": "images/separated", "width": 640, "height": 480, "format": "png", "count": 1, "filenames": ["media/images/original image_4647_6dc14f62da4c5373aaee.png"]}, "_wandb": {"runtime": 1335}}