{"train_loss": 879.29150390625, "test_loss": 1580.9200439453125, "mse_loss": 1163.56884765625, "kld_loss": 417.3512268066406, "_timestamp": 1661998086.6107416, "_runtime": 213.67348861694336, "_step": 233, "reconstruction": {"_type": "images/separated", "width": 640, "height": 480, "format": "png", "count": 1, "filenames": ["media/images/reconstruction_203_204d9bcf6a39de783c95.png"]}, "original image": {"_type": "images/separated", "width": 640, "height": 480, "format": "png", "count": 1, "filenames": ["media/images/original image_203_2b1eb35d3430d1fe2eef.png"]}, "_wandb": {"runtime": 214}}